s,alpha,beta1,beta2,rho2,r,v1,v2,theta,lambda,sigma,phi,phi0,phi1,gamma,pi,phi2,gamma1,rho,rho1,omega,omega1
0.3807947176588889,0.08556921614625146,0.21962498314924037,0.024147010125782947,0.09369558240141766,0.8349969287257276,0.011805105711206253,0.08662029105457802,0.6051038616257767,0.7080725777960455,0.0030378649352844423,0.8732197684241749,0.7508739503123754,0.10624832142807025,0.07281180438611955,0.18340450985343382,0.2877331738043932,0.026713065149979655,0.3512365647272715,0.1463233409588229,0.30980791841396593,0.11417660693967735
